<?xml version="1.0" encoding="UTF-8"?>
<!DOCTYPE mapper
    PUBLIC "-//mybatis.org//DTD Mapper 3.0//EN"
    "http://mybatis.org/dtd/mybatis-3-mapper.dtd">

<mapper namespace="com.mealProject.mapper.MemberMapper">
    
    <select id="findAll" resultType="com.mealProject.model.MemberModel">
        SELECT * FROM member order by memberNO
    </select>
    <select id="findByName" resultType="com.mealProject.model.MemberModel">
        SELECT * FROM member WHERE memberName = #{memberName}
    </select>
    
     <select id="menuAll" resultType="com.mealProject.model.MenuModel">
        SELECT * FROM menu order by menuNO
    </select>
    
    <select id="menuFind" resultType="com.mealProject.model.MenuModel">
        SELECT * FROM menu WHERE menuName = #{menuName}
    </select>
    
    <select id="mealAll" resultType="com.mealProject.model.MealModel">
        SELECT * FROM meal order by mealNO
    </select>
    
    <!-- meal 숫자 하나씩 넣어주는거 -->
    <select id="mealFind" resultType="com.mealProject.model.MealModel">
        SELECT * FROM meal WHERE menuNo = #{menuNo}
    </select>
    
    <select id="orderAll" resultType="com.mealProject.model.OrderListModel">
        SELECT * FROM orderlist order by orderNo
    </select>
    
    
    
    
    
    
    
    
    <select id="mealAllH" resultType="com.mealProject.model.MealModel">
        SELECT * FROM meal WHERE menuNo = 1
    </select>
    <select id="mealAllJ" resultType="com.mealProject.model.MealModel">
        SELECT * FROM meal WHERE menuNo = 2
    </select>
    <select id="mealAllI" resultType="com.mealProject.model.MealModel">
        SELECT * FROM meal WHERE menuNo = 3
    </select>
    <select id="mealAllY" resultType="com.mealProject.model.MealModel">
        SELECT * FROM meal WHERE menuNo = 4
    </select>
</mapper>





